Date,Name,Year,Letterboxd URI,Rating,Rewatch,Review,Tags,Watched Date
2023-09-02,On the Line,2022,https://boxd.it/4MNHxf,1.5,,¬øSe supone que el giro del final justifica todas las malas actuaciones y situaciones bizarras vistas anteriormente?,,2023-09-01
2023-09-03,Past Lives,2023,https://boxd.it/4N42O9,5,,"""Hay una palabra en coreano. In-Yun. Significa: ‚Äúprovidencia"". O m√°s bien... destino. Pero se usa especialmente sobre las relaciones entre las personas. Creo que viene del Budismo y la reencarnaci√≥n. Es un In-Yun cuando dos extra√±os se cruzan en la calle y sus ropas se rozan entre s√≠, porque significa que algo pas√≥ entre ellos en sus vidas pasadas. Cuando dos personas se casan, decimos que es porque ya ha habido 8000 capas de In-Yun anteriormente, m√°s de 8000 vidas.""",,2023-09-02
2023-09-04,I Origins,2014,https://boxd.it/4Np6PR,5,,"Porque nunca es tarde para ver una pel√≠cula que quedar√° grabada en tus ojos, en tu memoria y en tu alma para siempre.",,2023-09-03
2023-09-05,An Argentinian in New York,1998,https://boxd.it/4NJKVZ,3.5,Yes,"Volv√≠ a ver ""Un Argentino en Nueva York"" despu√©s de 25 a√±os y s√≠, basicamente, es Francella haciendo de Francella tocando los platillos... pero no lo puedo evitar, le tengo un cari√±o muy especial porque fue una de las primeras pel√≠culas que vi en el cine, siendo muy chiquita, y en su momento la am√©!",,2023-09-04
2023-09-06,Your Son,2018,https://boxd.it/4O2BMx,2.5,,"Tiene un sorprendente giro final, pero el desarrollo de la historia es tan lento que no resulta suficiente.",,2023-09-05
2023-09-07,2:37,2006,https://boxd.it/4OiNvP,4,Yes,"Cuando realmente entend√©s por qu√© lado viene la pel√≠cula, te shockea.",,2023-09-06
2023-09-08,4x4,2019,https://boxd.it/4OyUnZ,2.5,,"Mientras la trama se desarrolla dentro del veh√≠culo, la tensi√≥n se mantiene y aumenta. El problema est√° cuando va saliendo del mismo e incorporando personajes.",,2023-09-07
2023-09-09,Truman,2015,https://boxd.it/4ONxFr,4,Yes,"Vine por el perrito y me encontr√© con un hermoso debate sobre la amistad, la muerte y las cuentas pendientes de la vida.",,2023-09-08
2023-09-10,No Hard Feelings,2023,https://boxd.it/4P7hnr,4,,"Cero expectativas en esta comedia que me sorprendi√≥ gratamente. Divertida, fresca y con un lindo mensaje final.",,2023-09-09
2023-09-11,7 Boxes,2012,https://boxd.it/4Pt3zR,4.5,,"Nivel Hollywood, pero en guaran√≠.",,2023-09-10
2023-09-12,Remember Me,2010,https://boxd.it/4POu73,3.5,,"Una fecha no puede ser la responsable de uno de los plot twists m√°s tristes de las √∫ltimas d√©cadas...

La fecha: September 11, 2001.",,2023-09-11
2023-09-13,Miracle in Cell No. 7,2019,https://boxd.it/4Q48gJ,4,,La actuaci√≥n de Aras Bulut ƒ∞ynemli en esta pel√≠cula te destruye el coraz√≥n por completo.,,2023-09-12
2023-09-14,The Crowded Room,2023,https://boxd.it/4Qj56V,4.5,,"No entiendo las cr√≠ticas ""especializadas"". Una maravilla de serie, profunda, intimista, con actuaciones soberbias.",,2023-09-13
2023-09-15,Burning Body,2023,https://boxd.it/4QyawJ,4,,"Atrapante. A√∫n m√°s si sab√©s poco y nada del caso real.

Menci√≥n aparte para la banda sonora, de lujo!",,2023-09-14
2023-09-16,Killer Book Club,2023,https://boxd.it/4QMC47,3,,"Soy tan poco exigente con el g√©nero slasher que con que me mantenga entretenida, est√° bien.",,2023-09-15
2023-09-17,Love at First Sight,2023,https://boxd.it/4R5irD,5,,"""Is it better to have had a good thing and lost it, or never to have had it?""

Bell√≠sima ‚ù§Ô∏è",,2023-09-16
2023-09-18,Infinity Pool,2023,https://boxd.it/4RoSiF,3.5,,Si algo hay que reconocerle a Infinity Pool es su originalidad y solidez en lo que quiere contar y criticar.,,2023-09-17
2023-09-19,12 Years a Slave,2013,https://boxd.it/4RNhTz,2,,"Conecto desde lo humano con todo lo ocurrido a lo largo de la historia, no as√≠ con estas interpretaciones ni con la forma de contar.",,2023-09-18
2023-09-20,18 Presents,2020,https://boxd.it/4S3bL7,4.5,,"De las pel√≠culas con las que m√°s llor√© en mi vida, un dram√≥n con todas las letras.",,2023-09-19
2023-09-21,When You Finish Saving The World,2022,https://boxd.it/4SfMFp,2.5,,Cringe family.,,2023-09-20
2023-09-22,22 vs. Earth,2021,https://boxd.it/4SuOFr,3,,Entretenido corto precuela de la asombrosa Soul.,,2023-09-21
2023-09-23,Soul,2020,https://boxd.it/4SLDIN,4.5,,"La pel√≠cula m√°s adulta, profunda y existencial de Pixar.",,2023-09-22
2023-09-24,Asteroid City,2023,https://boxd.it/4T2aL3,2,,"Visualmente alucinante, pero nunca logr√© conectar ni con la historia ni con ninguno de los personajes.",,2023-09-23
2023-09-25,30 Nights with My Ex,2022,https://boxd.it/4TpWOl,3,,"Suar haciendo de Suar pero, esta vez, con una ex esposa con problemas psiqui√°tricos.

Dicho esto, no es mal√≠sima, tiene momentos graciosos y hasta sentimentales. Y es Pilar Gamboa quien lo hace posible.",,2023-09-24
2023-09-26,90 Minutes in Heaven,2015,https://boxd.it/4TJt9X,2,,La t√≠pica pel√≠cula de los domingos por la tarde de Telefe.,,2023-09-25
2023-09-27,365 Days,2020,https://boxd.it/4U0Sed,1.5,Yes,"<a href=""https://boxd.it/4U0Sed"">365 dni ‚úîÔ∏è</a>
<a href=""https://boxd.it/4UgiBn"">365 dni: Ten dzie≈Ñ</a>
<a href=""https://boxd.it/4UwAa7"">Kolejne 365 dni</a>

A√∫n siendo mala, esta primera parte de la, hasta el momento, trilog√≠a ten√≠a algo de trama, comparada con las que vendr√°n.",,2023-09-26
2023-09-28,365 Days: This Day,2022,https://boxd.it/4UgiBn,1,,"<a href=""https://boxd.it/4U0Sed"">365 dni ‚úîÔ∏è</a>
<a href=""https://boxd.it/4UgiBn"">365 dni: Ten dzie≈Ñ ‚úîÔ∏è</a>
<a href=""https://boxd.it/4UwAa7"">Kolejne 365 dni</a>

La escena del tiroteo es s√∫per divertida... ¬øc√≥mo que esta pel√≠cula no es una comedia?",,2023-09-27
2023-09-29,The Next 365 Days,2022,https://boxd.it/4UwAa7,0.5,,"<a href=""https://boxd.it/4U0Sed"">365 dni ‚úîÔ∏è</a>
<a href=""https://boxd.it/4UgiBn"">365 dni: Ten dzie≈Ñ ‚úîÔ∏è</a>
<a href=""https://boxd.it/4UwAa7"">Kolejne 365 dni ‚úîÔ∏è</a>

Por favor, que no haya cuarta parte porque encima la voy a tener que ver.",,2023-09-28
2023-09-30,The Wonderful Story of Henry Sugar,2023,https://boxd.it/4UNbuZ,4.5,Yes,"Wes Anderson's Short Films by Roald Dahl's Stories:

The Wonderful Story of Henry Sugar ‚úîÔ∏è
The Swan
The Rat Catcher
Poison

Alucinante. Wes is back!",,2023-09-29
2023-10-01,"Red, White & Royal Blue",2023,https://boxd.it/4V8h9l,3,,"Entretenida, con lindos momentos de diversi√≥n y/o melancol√≠a, pero que no aporta nada nuevo al g√©nero.",,2023-09-30
2023-10-02,The Disappearance of Eleanor Rigby: Him,2013,https://boxd.it/4Vu1Or,3.5,,"The Disappearance of Eleanor Rigby: Him ‚úîÔ∏è
The Disappearance of Eleanor Rigby: Her
The Disappearance of Eleanor Rigby: Them

Una profunda historia de amor y duelo contada desde tres puntos de vista distintos: el de √©l, el de ella, y el de los dos juntos que, sorprendentemente, es el m√°s neutral de todos.",,2023-10-01
2023-10-03,The Accused,2018,https://boxd.it/4VSe8h,3.5,Yes,"Logra perfectamente el cometido de los thrillers judiciales: mantenerte intrigada, mediante migajas de pistas, hasta el final.",,2023-10-02
2023-10-04,A Mother's Son,2012,https://boxd.it/4WcPOp,4,,Cuando las mejores series se ve√≠an por Europa Europa.,,2023-10-03
2023-10-05,The Heist of the Century,2020,https://boxd.it/4WvtSH,4,Yes,"Si no estuviese basada en hechos reales, la trama de esta pel√≠cula ser√≠a un delirio total... pero no, bienvenidos a Argentina.",,2023-10-04
2023-10-06,(500) Days of Summer,2009,https://boxd.it/4WOlsJ,4.5,Yes,"La escena del auto, mientras suena Quelqu‚Äôun m‚Äôa dit, sigue siendo la m√°s linda y triste de toda la pel√≠cula, no importa cuantas veces la veas.",,2023-10-05
2023-10-07,Amour,2012,https://boxd.it/4X7vK7,0.5,,Nunca dese√© tanto que una pel√≠cula terminara.,,2023-10-06
2023-10-08,An Unexpected Love,2018,https://boxd.it/4XqXor,1,,¬øUna comedia rom√°ntica argentina de m√°s de dos horas de duraci√≥n? Inexplicablemente densa.,,2023-10-07
2023-10-09,The Weasel's Tale,2019,https://boxd.it/4XLu2D,4,,Nunca pens√© que me iba a reir tanto con una escena de envenenamiento.,,2023-10-08
2023-10-10,Clemency,2019,https://boxd.it/4YcJbT,1,,La primera escena te pinta una pel√≠cula que despu√©s no sucede.,,2023-10-09
2023-10-11,Strange Way of Life,2023,https://boxd.it/4YvP1D,3.5,,Almod√≥var ten√≠a tramas y calidad actoral de sobra para hacer un largometraje en lugar de un corto.,,2023-10-10
2023-10-12,The Disappearance of Eleanor Rigby: Her,2013,https://boxd.it/4YReqv,3.5,,"The Disappearance of Eleanor Rigby: Him ‚úîÔ∏è
The Disappearance of Eleanor Rigby: Her ‚úîÔ∏è
The Disappearance of Eleanor Rigby: Them

Her posee una visi√≥n m√°s intimista, m√°s filos√≥fica, pero necesita ser vista luego de Him para complementar varios detalles.",,2023-10-11
2023-10-13,Unpregnant,2020,https://boxd.it/4Z94CR,4,,"""¬øPor qu√© diablos necesitas el permiso de tus padres para realizarte un aborto pero no para dar a luz a un beb√©?""",,2023-10-12
2023-10-14,Bodies Bodies Bodies,2022,https://boxd.it/4Zt9FL,4,,Mis cuatro estrellas por ese plot twist.,,2023-10-13
2023-10-15,9 Songs,2004,https://boxd.it/4ZLMrJ,3,Yes,"I'm just here for the music, again.",,2023-10-14
2023-10-16,Blondi,2023,https://boxd.it/50b2d9,4,,Ahora las pel√≠culas de I.Sat se hacen en Argentina.,,2023-10-15
2023-10-17,Bottoms,2023,https://boxd.it/50xYXX,4.5,,Lo √∫nico que le faltaba a Rachel Sennott era tener a Ayo Edebiri al lado.,,2023-10-16
2023-10-18,Watcher,2022,https://boxd.it/50RqeJ,4,,"""Do I just sound paranoid? 

Let's just hope you'll never find out. The best outcome might be having to live with the uncertainty. Better than getting raped and strangled, and dying with the words ""I told you so"" on your lips. Right?""",,2023-10-17
2023-10-19,The Son,2022,https://boxd.it/517saV,4.5,,La escena del hospital psiqui√°trico es la m√°s devastadora y real que vi en los √∫ltimos tiempos.,,2023-10-18
2023-10-20,The Girl from Uruguay,2022,https://boxd.it/51ohhb,3.5,,"Argentina ü§ù Uruguay
        Motochorros",,2023-10-19
2023-10-21,Lion's Heart,2013,https://boxd.it/51HhxB,3,Yes,Pero Francella talla baja es Francella talla baja.,,2023-10-20
2023-10-22,Adrift,2018,https://boxd.it/520bd9,4.5,,"Tiene todo: amor, Sam Claflin, cat√°strofe, Sam Claflin, tristeza, Sam Claflin.

Ah, y Sam Claflin.",,2023-10-21
2023-10-23,Doomed,2014,https://boxd.it/52rFc5,4,Yes,"En esta realidad alternativa, Tif√≥n odia a Jorgito por enamorarse de su hija, Suelen.",,2023-10-22
2023-10-24,So Much Love to Give,2020,https://boxd.it/52O4Bj,2.5,,Suar haciendo de Suar con doble vida.,,2023-10-23
2023-10-25,The Swan,2023,https://boxd.it/5369vr,4,Yes,"Wes Anderson's Short Films by Roald Dahl's Stories:

The Wonderful Story of Henry Sugar ‚úîÔ∏è
The Swan ‚úîÔ∏è
The Rat Catcher
Poison

Behind Rupert Friend's blue eyes.",,2023-10-24
2023-10-26,The Rat Catcher,2023,https://boxd.it/53kZPr,1.5,Yes,"Wes Anderson's Short Films by Roald Dahl's Stories:

The Wonderful Story of Henry Sugar ‚úîÔ∏è
The Swan ‚úîÔ∏è
The Rat Catcher ‚úîÔ∏è
Poison

Los dos cortos anteriores me fascinaron, este me dio asquito.",,2023-10-25
2023-10-27,Poison,2023,https://boxd.it/53BDwL,4,Yes,"Wes Anderson's Short Films by Roald Dahl's Stories:

The Wonderful Story of Henry Sugar ‚úîÔ∏è
The Swan ‚úîÔ∏è
The Rat Catcher ‚úîÔ∏è
Poison ‚úîÔ∏è

Dev Patel en todas sus facetas!",,2023-10-26
2023-10-28,The Wild Children,2012,https://boxd.it/541gH9,3.5,,"Ven√≠s viendo un pelicul√≥n hasta que te cruz√°s con un final un tanto inconcluso. Eso s√≠, no importa el tiempo que pase, √Älex Monner siempre est√° genial.",,2023-10-27
2023-10-29,White Coffin,2016,https://boxd.it/54nY79,1,,WTF ¬øqu√© acabo de ver?,,2023-10-28
2023-10-30,Nowhere,2023,https://boxd.it/54L3nd,3.5,,"Si fing√≠s demencia de todas las inverosimilitudes, se disfruta.",,2023-10-29
2023-10-31,I'm Not Your Mom,2019,https://boxd.it/557CnL,3,Yes,Los animadores de mis cumplea√±os infantiles no se parec√≠an en nada a Christian Sancho.,,2023-10-30
2023-11-01,Vivarium,2019,https://boxd.it/55vtXt,3.5,,Full life cycle.,,2023-10-31
2023-11-02,Forgive Us Our Trespasses,2022,https://boxd.it/55VIMn,3,Yes,Lo m√°s triste es que todo esto pas√≥ de verdad.,,2023-11-01
2023-11-03,Coco,2017,https://boxd.it/56dqUz,4.5,,"Hoy, m√°s que cualquier otro d√≠a, ""porque la muerte es vida, enciende luces en otro lugar"" ‚ù§Ô∏è",,2023-11-02
2023-11-04,10 Things I Hate About You,1999,https://boxd.it/56yXOV,4.5,Yes,Toda la maldita pel√≠cula pensando en lo pronto que se fue Heath Ledger.,,2023-11-03
2023-11-05,Anita,2009,https://boxd.it/56UpkB,3.5,,De esas pel√≠culas que no quer√©s volver a ver porque te destruyen el coraz√≥n.,,2023-11-04
2023-11-06,Fingernails,2023,https://boxd.it/57gpu1,4,,Yo tambi√©n me arrancar√≠a las u√±as por Riz Ahmed y Jeremy Allen White.,,2023-11-05
2023-11-07,Another Earth,2011,https://boxd.it/57CU0b,2.5,,"No me lleg√≥ ni la historia ni los protagonistas. Se siente m√°s como un ensayo, del mismo director y actriz principal, para crear, luego, la magn√≠fica I Origins.",,2023-11-06
2023-11-08,The After,2023,https://boxd.it/57WEeB,3.5,,"Si convirtieran este corto en una pel√≠cula, sin duda la mirar√≠a.",,2023-11-07
2023-11-09,Mean Girls,2004,https://boxd.it/58bOBZ,5,Yes,"A 19 a√±os de su estreno, todav√≠a ninguna pel√≠cula dentro del g√©nero la pudo superar ni igualar.",,2023-11-08
2023-11-10,El castigo,2022,https://boxd.it/58tHHH,4,,El mon√≥logo final de Antonia Zegers es uno de los relatos m√°s reales que escuch√© sobre la maternidad.,,2023-11-09
2023-11-11,Life Itself,2018,https://boxd.it/58LazL,4.5,,Hermosamente triste. El mismo maldito dolor en el pecho que con This Is Us.,,2023-11-10
2023-11-12,Only You,2018,https://boxd.it/5960Dv,5,Yes,Se convirti√≥ en una de mis pel√≠culas favoritas en el preciso momento en que v√≠ a Josh O'Connor bailando I Want You y Smalltown Boy.,,2023-11-11
2023-11-13,My Love or My Passion,2017,https://boxd.it/59Dc81,2.5,,"Suar haciendo de Suar pero, esta vez, #futbolh√≥lico.",,2023-11-12
2023-11-14,We Need to Talk About Kevin,2011,https://boxd.it/59WnTP,3.5,Yes,Verla por segunda vez es a√∫n m√°s anticonceptiva.,,2023-11-13
2023-11-15,Purple Hearts,2022,https://boxd.it/5a6XzV,2.5,,A mi me sobr√≥ toda la parte musical.,,2023-11-14
2023-11-16,Fair Play,2023,https://boxd.it/5apeI7,3.5,,"Industry, pero en pareja.",,2023-11-15
2023-11-17,When Evil Lurks,2023,https://boxd.it/5aFOnL,4,,"El cine de terror que me enamor√≥ desde muy chica, ahora HECHO EN ARGENTINA! üá¶üá∑",,2023-11-16
2023-11-18,Soulmates,2020,https://boxd.it/5b4l0j,3.5,,"Fingernails podr√≠a ser, tranquilamente, un gran episodio de Soulmates.",,2023-11-17
2023-11-19,Animal,2018,https://boxd.it/5bie0T,3.5,,Un puntito extra porque act√∫a Francella y no es una comedia.,,2023-11-18
2023-11-20,Inseparables,2016,https://boxd.it/5bB6u5,3.5,,"Es que Rodrigo de la Serna bailando ""Bomb√≥n asesino"" no ayuda para que yo lo ame menos.",,2023-11-19
2023-11-21,Normal People,2020,https://boxd.it/5c9ytR,5,Yes,"No s√© c√≥mo explicar lo que Normal People me hace sentir. Nunca una serie me lleg√≥ tan profundo al coraz√≥n, nunca una pareja de ficci√≥n traspas√≥ tanto la pantalla. Para mi, lejos, la mejor de los √∫ltimos a√±os.",,2023-11-20
2023-11-22,Rojo,2018,https://boxd.it/5cmy57,1,,"Deber√≠a volver a verla porque, al parecer, soy la √∫nica a la que no le gust√≥. Para nada.",,2023-11-21
2023-11-24,The Lobbyist,2018,https://boxd.it/5cVTyJ,3.5,,"A mi dame a De la Serna haciendo de chanta, de pibe chorro, de cura, de lo que quieras, que compro siempre.",,2023-11-22
2023-11-24,Wandering Heart,2021,https://boxd.it/5cVXxl,4,,"Sbaraglia siempre cumple pero, a gusto personal, esta es de sus mejores actuaciones. Una monta√±a rusa de personalidades que lo obligan a salir de sus zonas de confort.",,2023-11-23
2023-11-25,The Clan,2015,https://boxd.it/5df6ZL,4,,Debo ser de las pocas que prefiere la pel√≠cula de Trapero por sobre la serie de Ortega.,,2023-11-24
2023-11-26,Historia de un clan,2015,https://boxd.it/5dyZDN,3.5,,El 2015 me trae buenos recuerdos porque los mi√©rcoles eran de River en la Libertadores + el Chino Dar√≠n semidesnudo.,,2023-11-25
2023-11-27,The Lost Brother,2017,https://boxd.it/5dZ2J7,4,,"Y el libro ""Bajo este sol tremendo"" de Carlos Busqued es a√∫n mejor.",,2023-11-26
2023-11-28,Boy Erased,2018,https://boxd.it/5ewB1P,2.5,,Poderosa historia que no me transmiti√≥ nada. Tal vez mis espectativas fueron muy altas.,,2023-11-27
2023-11-29,The Intruder,2020,https://boxd.it/5ePWT7,3,,"Un final m√°s argentino no hab√≠a. Inserte meme de Homero ""mi pa√≠s, mi pa√≠s"".",,2023-11-28
2023-11-30,I Don't Expect Anyone to Believe Me,2023,https://boxd.it/5f6EPv,3.5,,"La primera mitad de la pel√≠cula me fascin√≥, sus personajes, su forma de contar, su tono visual, su humor, su ritmo; pero la segunda hora me perdi√≥ por completo, a pesar de ciertos momentos inesperados y shockeantes. 

Media estrella extra por Minujin diciendo boluda cada tres palabras.",,2023-11-29
2023-12-01,Elena Knows,2023,https://boxd.it/5foq7P,4,,"Es muy complicado opinar sobre esta pel√≠cula como un todo, porque una parte de ella falla, mientras que la otra brilla. Falla en algo fundamental, que es estar catalogada como thriller cuando su principal misterio no genera inter√©s en el qu√© pas√≥, qui√©n o por qu√©. Pero brilla, y much√≠simo, en esa relaci√≥n tan particular, y retratada hasta el cansancio, entre madre e hija, especialmente cuando la hija se convierte en madre de su madre y la madre en hija de su hija.

Peque√±o detalle: en la primera escena que aparece Miranda de la Serna realmente pens√© que era √ârica Rivas de adolescente. Igualitas. Madre e hija.",,2023-11-30
2023-12-02,"Those Who Love, Hate",2017,https://boxd.it/5fHrkN,3,,"Tres estrellas por el plot twist y por la FOTOGRAF√çA HERMOSA, pero...

Pepe y Paola juntos WTF?",,2023-12-01
2023-12-03,The Killer,2023,https://boxd.it/5g2XdB,1,,"Y con esta rese√±a me expulsan de Letterboxd.

Pens√© que nunca escribir√≠a esto, pero lleg√≥ el d√≠a en que una pel√≠cula de David Fincher no me gust√≥. Nada. Ni la historia, ni los personajes, ni la voz en off. Es sufiente con decir que lo √∫nico memorable es el soundtrack de The Smiths y ni eso, porque cortaron las mejores partes de How Soon Is Now?

Me aburri√≥ sobremanera. No le pongo solo media estrella para que no me linchen.",,2023-12-02
2023-12-04,The Holdovers,2023,https://boxd.it/5gpiRL,5,,"La mejor pel√≠cula navide√±a desde Home Alone. Conmovedora, movilizante. Perfecci√≥n absoluta.",,2023-12-03
2023-12-06,The Quietude,2018,https://boxd.it/5h8SoF,3,,La m√∫sica de Mon Laferte te levanta cualquier escena.,,2023-12-04
2023-12-06,Barbie,2023,https://boxd.it/5h92nR,4.5,,Feminismo rosa Barbie.,,2023-12-05
2023-12-07,The Sleepwalkers,2019,https://boxd.it/5hsWA1,3.5,,"Cuando los deseos se ven afectados por las opiniones de los dem√°s, como siempre.",,2023-12-06
2023-12-08,"Love, Rosie",2014,https://boxd.it/5hK1C1,4.5,,"Yo solo quer√≠a ver otra tonta pel√≠cula rom√°ntica, no llorar por 100 minutos seguidos.",,2023-12-07
2023-12-09,Sunstrokes,2014,https://boxd.it/5i2V7J,3.5,,"Boludaa, somos mis amigas y yo si hubi√©semos tenido esa edad en los 90.",,2023-12-08
2023-12-10,"River, el m√°s grande siempre",2019,https://boxd.it/5inuJj,5,,9/12/‚àû üèÜ,,2023-12-09
2023-12-11,Begin Again,2013,https://boxd.it/5iQzyD,3.5,,"El mayor problema de tener una pel√≠cula por muchos a√±os en tu lista de pendientes es que durante todo ese tiempo vas viendo posts, reels, comentarios y las expectativas crecen a nivel exponencial. Bueno, exactamente eso me pas√≥ con Begin Again: es hermosa, con canciones y locaciones preciosas e inspiradoras, pero me qued√© con ganas de m√°s, de conectar y sentir con ellos a trav√©s de la m√∫sica.",,2023-12-10
2023-12-12,May December,2023,https://boxd.it/5jcjwP,4.5,,"Intrigante, atractiva, adictiva. Simbiosis perfecta entre Natalie Portman y Julianne Moore. Simbiosis perfecta entre Elizabeth y Gracie.",,2023-12-11
2023-12-13,Daisy Jones & the Six,2023,https://boxd.it/5jzryZ,5,Yes,"A√±os que una serie no me fanatizaba de esta manera, que no necesitaba con tanto deseo ver el siguiente cap√≠tulo. La m√∫sica es perfecta, todos est√°n geniales en sus papeles, y las referencias a Fleetwood Mac son √©picas.

Sin ninguna duda, mi top 1 de este 2023. Am√© todo, pero su season finale es ARTE. Arte para llorar, arte para enamorarte de ellos de por vida.",,2023-12-12
2023-12-14,Full Circle,2023,https://boxd.it/5jTuPz,3.5,,Es que los dos primeros cap√≠tulos son tan asfixiantes que el resto parece desinflarse.,,2023-12-13
2023-12-15,The Boss: Anatomy of a Crime,2014,https://boxd.it/5kdSRf,4.5,,Por suerte soy vegetariana üå±,,2023-12-14
2023-12-16,127 Hours,2010,https://boxd.it/5kul1z,4,,Nueva fobia desbloqueada: los ca√±ones.,,2023-12-15
2023-12-17,Fellow Travelers,2023,https://boxd.it/5kQIJ9,4.5,Yes,"<blockquote><i>You were my great, consuming love.
And most people don't get one of those.
I did.
I have no regrets.<i><blockquote>",,2023-12-16
2023-12-18,Love After Music,2023,https://boxd.it/5lfIN1,4.5,,"Porque no solo es la serie de Fito. 

Es la influencia en su vida y en su m√∫sica de Baglietto, Charly, Spinetta y sus dos grandes amores, Fabi Cantilo y Cecilia Roth. 

Son las caracterizaciones de G.I.T. (Guyot, Iturri y Toth), Tweety Gonz√°lez, Fabi√°n Gallardo, el tuerto Wirtz, Hilda Lizarazu, Fena, Claudia Puy√≥, Silvina Garr√©, Rub√©n Gold√≠n y toda la trova rosarina, Pipo Cipolatti y Los Twist, Joe Stefanolo alias el abogado del rock, Sandra Mihanovich y Celeste Carballo, Fernando Noy, Palo Pandolfo con Don Cornelio y la Zona, Batato-Urdapilleta-Tortonese en el Parakultural, Divina Gloria, el cubano Pablo Milan√©s, los hist√≥ricos del sonido Da Silva y Breuer, Leonardo Favio, Juan Alberto Bad√≠a, Daniel Colombres, Gabriel Car√°mbula, Guillermo Vadal√°, Oscar Moro, el P√°jaro G√≥mez, el gran Andr√©s Calamaro, y Fede Moura con Virus, de los cuales necesitamos un spin-off urgente. 

Una oda al rock nacional y a la cultura argentina üá¶üá∑",,2023-12-17
2023-12-19,The Man Next Door,2009,https://boxd.it/5lIQqn,1,,Durante meses mi viejo me recomend√≥ que vea esta pel√≠cula hasta el final. Todav√≠a no entiendo por qu√©.,,2023-12-18
2023-12-20,A Perfect Story,2023,https://boxd.it/5m50GJ,5,Yes,Te llena el coraz√≥n de sentimientos bonitos ‚ù§Ô∏è,,2023-12-19
2023-12-21,Los Marziano,2011,https://boxd.it/5mspOf,1,,Soy la √∫nica integrante de mi familia que no se durmi√≥ vi√©ndola.,,2023-12-20
2023-12-23,My Masterpiece,2018,https://boxd.it/5nexHH,1.5,,"Como que, √∫ltimamente, Brandoni siempre hace de viejo cascarrabias.",,2023-12-21
2023-12-23,The Distinguished Citizen,2016,https://boxd.it/5neV9p,0.5,,"Nunca entend√≠ la repercusi√≥n que tuvo en el momento de su estreno. No me lleg√≥, no me entretuvo, no me dej√≥ nada memorable. Para mi, la pel√≠cula argentina m√°s aburrida que haya visto.",,2023-12-22
2023-12-24,Saltburn,2023,https://boxd.it/5nECBr,4,,"<blockquote>But I do know you, you make my fucking blood
run cold.<blockquote>

Las expresiones faciales de Barry Keoghan, pasando de un pobre chico a un psycho killer en un segundo, realmente me hielan la puta sangre.",,2023-12-23
2023-12-25,Home Alone,1990,https://boxd.it/5o81GT,5,Yes,"Para m√≠, Navidad significa Mi pobre angelito y Mantecol.",,2023-12-24
2023-12-26,Home Alone 2: Lost in New York,1992,https://boxd.it/5oBdIv,5,Yes,"Todav√≠a no me decido, hay a√±os que pienso que la 2 es mejor que la 1 y viceversa. Por eso, las tendr√© que seguir viendo.",,2023-12-25
2023-12-27,Dream Scenario,2023,https://boxd.it/5pgmcZ,4.5,,"Wow. Siempre voy a celebrar que se intenten plasmar historias distintas, no convencionales, que lleven al espectador a enfrentarse a sus propias creencias y tab√∫es. Un estudio de personajes maravilloso.",,2023-12-26
2023-12-28,Whatever It Takes,2000,https://boxd.it/5pLf0f,3,,"Tiene al jovencito Aaron Paul y buenas escenas, como la tem√°tica Titanic o el post fiesta de graduaci√≥n, pero nada la hace memorable como a otras comedias adolescentes de la √©poca.",,2023-12-27
2023-12-29,Last Call for Istanbul,2023,https://boxd.it/5qpJg3,3,,"5 estrellas para el inesperado y maravilloso plot twist, pero 1 estrella para el cuestionable mensaje final.",,2023-12-28
2023-12-30,Fall,2022,https://boxd.it/5qYyXP,3,,Medio que ese plot twist se lo plagiaron a Adrift.,,2023-12-29
2023-12-31,How to Have Sex,2023,https://boxd.it/5rxxbF,5,,Me preocup√© m√°s yo por Tara en 90 minutos que su amiga de toda la vida.,,2023-12-30
2024-01-01,The Delinquents,2023,https://boxd.it/5sbbal,2,,"La primera parte es apasionante, argentinidad al palo, pero en la segunda me perdi√≥ completamente. Extensa, predecible, hasta los mismos personajes parecen desgastados.",,2023-12-31
2024-01-02,Bad Christmas,2021,https://boxd.it/5sGQZV,4,,"Qsy. Peretti chorro, disfrazado de Pap√° Noel, preparando una torta y bailando La bambola se merece todas mis estrellas. Se podr√≠a decir que es una versi√≥n antinavide√±a de Home Alone que comienza como una comedia de enredos y termina en un tremendo WTF.",,2024-01-01
2024-01-03,Echoes,2022,https://boxd.it/5tvdyD,1.5,,Dura menos de una hora y media pero parece eterna.,,2024-01-02
2024-01-04,The Son,2019,https://boxd.it/5u7Mgv,2,,"Quien mucho abarca, poco aprieta. 
Quien mucho cuenta, poco explica.",,2024-01-03
2024-01-05,My First Wedding,2011,https://boxd.it/5uMIFD,3.5,,"Soy tan f√°cil, lo veo a Piroyansky y ya me muero de risa.",,2024-01-04
2024-01-06,Chinese Take-Away,2011,https://boxd.it/5vlQqr,3.5,,Dar√≠n contando uno por uno los 350 tornillos Phillips soy yo con todo.,,2024-01-05
2024-01-08,Foe,2023,https://boxd.it/5wRIxd,3.5,,"Foe retrata el deterioro de las relaciones humanas a la par del deterioro clim√°tico de nuestro planeta. La necesidad de reinventarse, de cuidar lo que ya tenemos, pero sin darlo por sentado.

Saoirse Ronan y Paul Mescal est√°n cautivantes en todas las facetas de sus personajes. Tal vez, mi √∫nico pero es la extrema similitud con el episodio de la √∫ltima temporada de Black Mirror, protagonizado por Aaron Paul.",,2024-01-07
2024-01-09,The Time It Takes,2021,https://boxd.it/5xwjy3,5,Yes,"<blockquote>Pero cada d√≠a pensar√≠a un minuto menos en ella. Y as√≠ ser√≠a un minuto menos de tristeza.<blockquote>

Nunca la hab√≠a vuelto a ver desde su estreno, en 2021, y ahora recuerdo por qu√©: es hermosamente triste, intimista, de esas que te llegan a lo m√°s profundo del coraz√≥n y te hacen replantear tus propios v√≠nculos sentimentales. Bell√≠sima.",,2024-01-08
2024-01-10,Tr√≥pico,2020,https://boxd.it/5y5Dfv,2.5,,Estas eran las pel√≠culas argentinas que mir√°bamos durante el brote simult√°neo de Covid y dengue.,,2024-01-09
2024-01-11,The Wrath of God,2022,https://boxd.it/5yC8EF,3,,"Entretiene, no se hace extensa ni se desv√≠a del tema principal. A veces siento que a este tipo de pel√≠culas se les tira demasiado hate s√≥lo por ser de industria nacional.

Menci√≥n aparte para la bell√≠sima librer√≠a El Ateneo Grand Splendid. √önica, imponente!",,2024-01-10
2024-01-12,Abzurdah,2015,https://boxd.it/5zaXBv,3,,"Abzurdah toca temas importantes, que deber√≠an llevar a la charla y a la concientizaci√≥n, tales como los trastornos alimenticios en la adolescencia femenina, las relaciones prohibidas, y las consecuentes enfermedades mentales.

El gran problema, es que tiende a romantizar todos estos delicados t√≥picos.",,2024-01-11
2024-01-14,About Time,2013,https://boxd.it/5A7mon,4.5,Yes,"Recordaba la tristeza que hab√≠a sentido con About Time la primera vez que la vi, pero no que era tan poderosa y profunda. Esa m√∫sica instrumental de Ben Folds te destruye por completo.",,2024-01-12
2024-01-15,Sundown,2021,https://boxd.it/5APx89,3.5,,"Hay algo en esta pel√≠cula, simple seg√∫n algunas cr√≠ticas, que te atrapa y no te suelta. Tal vez es la acci√≥n/inacci√≥n del protagonista, el ser turista no latino en la cotidianeidad mexicana, la contraposici√≥n de clases sociales en un mismo sitio, paradis√≠aco por momentos, un infierno soleado en otros.

No s√© si termin√© de entender todo lo que el director quiso contar, pero es distinta, rara, y esa intenci√≥n se valora.",,2024-01-13
2024-01-16,Society of the Snow,2023,https://boxd.it/5Bsorf,4.5,,"Yo durante toda la pel√≠cula pensando en s√≥lo dos cosas: que Numa sobreviv√≠a, porque era √©l quien contaba la historia en off, y en c√≥mo car*jo hizo San Martin para cruzar los Andes a caballo. El verdadero pr√≥cer argentino.",,2024-01-14
2024-01-17,Julia(s),2022,https://boxd.it/5BXcE9,4.5,,"Esta pel√≠cula es maravillosa, intimista, detallista, emotiva, y su gui√≥n rompe con todos los esquemas. S√≥lo le voy a bajar media estrella porque, si fuese elige tu propia aventura, yo no me habr√≠a quedado con ese final.",,2024-01-15
2024-01-18,Oppenheimer,2023,https://boxd.it/5CprPR,4.5,,Me encantar√≠a saber mucho m√°s sobre f√≠sica e historia para poder entender en su totalidad esta maldita maravilla.,,2024-01-16
2024-01-19,At the End of the Tunnel,2016,https://boxd.it/5CQrtF,4.5,,"Cumple con todos los elementos cl√°sicos de los thrillers pero, adem√°s, le a√±ade claustrofobia y argentinidad.",,2024-01-17
2024-01-19,9,2021,https://boxd.it/5CQWBF,4,,"Si es nene, ponele Enzo.",,2024-01-18
2024-01-20,Appropriate Adult,2011,https://boxd.it/5DmFar,3.5,,"C√≥mo me gustaba hacer zapping, parar en Europa Europa, y encontrarme con estas joyitas!",,2024-01-06
2024-01-20,Bodyguard,2018,https://boxd.it/5Dn0QX,4.5,,A√±o 2024 y todav√≠a estoy esperando la segunda temporada de Bodyguard que nos prometieron.,,2024-01-19
2024-01-22,Nadie puede ser tan malo haciendo caf√©,2018,https://boxd.it/5EtOTD,3,Yes,Yendo a hacer yoga.,,2024-01-20
2024-01-22,Crazy About Her,2021,https://boxd.it/5EuIAn,4.5,Yes,"Est√° llena de clich√©s pero yo la amo, es mi comfort movie espa√±ola para reir y llorar al mismo tiempo.",,2024-01-21
2024-01-23,The Last Letter from Your Lover,2021,https://boxd.it/5EYkZD,5,Yes,"Cuando se estren√≥ esta pel√≠cula se la recomend√© a una persona y, luego de unos d√≠as, me respondi√≥ <i>""es la m√°s linda que vi en toda mi vida""<i>.

Me quedo con esa hermosa frase y con todos los sentimientos que me nacen en cada rewatch. Preciosa, para llorar a mares, para replantearte una y otra vez el paso del tiempo y el amor.",,2024-01-22
2024-01-24,Weekend at Bernie's,1989,https://boxd.it/5FohHj,5,Yes,"<a href=""https://boxd.it/5FohHj"">Weekend at Bernie‚Äôs ‚úîÔ∏è</a>
<a href=""https://boxd.it/5HhkRF"">Weekend at Bernie‚Äôs II</a>

No puedo ser imparcial porque amo esta pel√≠cula desde que era chiquita y no entend√≠a ni la mitad de la trama, pero yo me re√≠a con los dos pibes haciendo saludar al muerto. Lejos, lejos, mi comedia ochentosa preferida.",,2024-01-23
2024-01-25,La Empresa,2020,https://boxd.it/5FTigb,4,Yes,Alto plot twist por ser un cortometraje.,,2024-01-24
2024-01-26,One Day,2011,https://boxd.it/5GlCxx,4.5,Yes,"<blockquote>‚ÄúShe made you decent, and in return you made her so happy‚Äù<blockquote>

Nota mental: dejar de ser masoquista viendo, una y otra vez, esta pel√≠cula.",,2024-01-25
2024-01-27,Y√≠ (Endless River),2020,https://boxd.it/5GMsjf,3,Yes,"¬øEstamos hablando de una paradoja espacio temporal, verdad?",,2024-01-26
2024-01-28,Weekend at Bernie's II,1993,https://boxd.it/5HhkRF,4,Yes,"<a href=""https://boxd.it/5FohHj"">Weekend at Bernie‚Äôs ‚úîÔ∏è</a>
<a href=""https://boxd.it/5HhkRF"">Weekend at Bernie‚Äôs II ‚úîÔ∏è</a>

Tal vez la pel√≠cula pierde un poquito de la magia y espontaneidad que caracteriz√≥ a la primera parte, pero Terry Kiser, en el papel de Bernie, va a ser por siempre el mejor muerto de la historia del cine, ¬°si hasta hizo twerk en los 90!",,2024-01-27
2024-01-29,Rodr√≠guez y El Cambio Clim√°tico,2017,https://boxd.it/5HU3rX,3,Yes,"<blockquote>‚ÄúSi no cambiamos nuestro modo de vida, estamos fritos.‚Äù<blockquote>",,2024-01-28
2024-01-30,Interstellar,2014,https://boxd.it/5Iwa1j,4.5,,"<blockquote>‚ÄúLove isn‚Äôt something that we invented. It‚Äôs observable. Powerful. It has to mean something. Maybe it means something more, something we can‚Äôt yet understand. Maybe it‚Äôs some evidence, some artifact of a higher dimension that we can‚Äôt consciously perceive. Love is the one thing that we‚Äôre capable of perceiving that transcends dimensions of time and space.‚Äù<blockquote>

Fascinante, misteriosa, abrumadora, asfixiante, magn√≠fica. Un viaje a trav√©s del tiempo y el espacio de las emociones, sentimientos y pensamientos.",,2024-01-29
2024-01-31,Through My Window,2022,https://boxd.it/5IWdKD,2.5,Yes,Es una red flag üö© constante y odio el hecho de que voy a ver las dos pel√≠culas que faltan de la trilog√≠a.,,2024-01-30
2024-02-01,Through My Window: Across the Sea,2023,https://boxd.it/5JlA7T,2.5,,"Sorprendentemente, esta segunda parte es mejor que la primera.",,2024-01-31
